threshold,n,true_negatives,false_positives,false_negatives,true_positives,precision,recall,false_positive_rate,accuracy,macro_f1
0.0,8,0,3,0,5,0.625,1.0,1.0,0.625,0.38461538461538464
0.01,8,0,3,0,5,0.625,1.0,1.0,0.625,0.38461538461538464
0.02,8,0,3,0,5,0.625,1.0,1.0,0.625,0.38461538461538464
0.03,8,0,3,0,5,0.625,1.0,1.0,0.625,0.38461538461538464
0.04,8,0,3,0,5,0.625,1.0,1.0,0.625,0.38461538461538464
0.05,8,0,3,0,5,0.625,1.0,1.0,0.625,0.38461538461538464
0.06,8,0,3,0,5,0.625,1.0,1.0,0.625,0.38461538461538464
0.07,8,0,3,0,5,0.625,1.0,1.0,0.625,0.38461538461538464
0.08,8,0,3,0,5,0.625,1.0,1.0,0.625,0.38461538461538464
0.09,8,0,3,0,5,0.625,1.0,1.0,0.625,0.38461538461538464
0.1,8,0,3,0,5,0.625,1.0,1.0,0.625,0.38461538461538464
0.11,8,0,3,0,5,0.625,1.0,1.0,0.625,0.38461538461538464
0.12,8,0,3,0,5,0.625,1.0,1.0,0.625,0.38461538461538464
0.13,8,0,3,0,5,0.625,1.0,1.0,0.625,0.38461538461538464
0.14,8,0,3,0,5,0.625,1.0,1.0,0.625,0.38461538461538464
0.15,8,0,3,0,5,0.625,1.0,1.0,0.625,0.38461538461538464
0.16,8,0,3,0,5,0.625,1.0,1.0,0.625,0.38461538461538464
0.17,8,0,3,0,5,0.625,1.0,1.0,0.625,0.38461538461538464
0.18,8,0,3,0,5,0.625,1.0,1.0,0.625,0.38461538461538464
0.19,8,0,3,0,5,0.625,1.0,1.0,0.625,0.38461538461538464
0.2,8,0,3,0,5,0.625,1.0,1.0,0.625,0.38461538461538464
0.21,8,0,3,0,5,0.625,1.0,1.0,0.625,0.38461538461538464
0.22,8,0,3,0,5,0.625,1.0,1.0,0.625,0.38461538461538464
0.23,8,0,3,0,5,0.625,1.0,1.0,0.625,0.38461538461538464
0.24,8,0,3,0,5,0.625,1.0,1.0,0.625,0.38461538461538464
0.25,8,0,3,0,5,0.625,1.0,1.0,0.625,0.38461538461538464
0.26,8,0,3,0,5,0.625,1.0,1.0,0.625,0.38461538461538464
0.27,8,0,3,0,5,0.625,1.0,1.0,0.625,0.38461538461538464
0.28,8,0,3,0,5,0.625,1.0,1.0,0.625,0.38461538461538464
0.29,8,0,3,0,5,0.625,1.0,1.0,0.625,0.38461538461538464
0.3,8,0,3,0,5,0.625,1.0,1.0,0.625,0.38461538461538464
0.31,8,0,3,0,5,0.625,1.0,1.0,0.625,0.38461538461538464
0.32,8,0,3,0,5,0.625,1.0,1.0,0.625,0.38461538461538464
0.33,8,0,3,0,5,0.625,1.0,1.0,0.625,0.38461538461538464
0.34,8,0,3,0,5,0.625,1.0,1.0,0.625,0.38461538461538464
0.35,8,0,3,0,5,0.625,1.0,1.0,0.625,0.38461538461538464
0.36,8,0,3,0,5,0.625,1.0,1.0,0.625,0.38461538461538464
0.37,8,0,3,0,5,0.625,1.0,1.0,0.625,0.38461538461538464
0.38,8,0,3,0,5,0.625,1.0,1.0,0.625,0.38461538461538464
0.39,8,0,3,0,5,0.625,1.0,1.0,0.625,0.38461538461538464
0.39878982387998035,8,0,3,0,5,0.625,1.0,1.0,0.625,0.38461538461538464
0.4,8,1,2,0,5,0.7142857142857143,1.0,0.6666666666666666,0.75,0.6666666666666667
0.41,8,1,2,0,5,0.7142857142857143,1.0,0.6666666666666666,0.75,0.6666666666666667
0.42,8,1,2,0,5,0.7142857142857143,1.0,0.6666666666666666,0.75,0.6666666666666667
0.43,8,1,2,0,5,0.7142857142857143,1.0,0.6666666666666666,0.75,0.6666666666666667
0.44,8,1,2,0,5,0.7142857142857143,1.0,0.6666666666666666,0.75,0.6666666666666667
0.45,8,1,2,0,5,0.7142857142857143,1.0,0.6666666666666666,0.75,0.6666666666666667
0.46,8,1,2,0,5,0.7142857142857143,1.0,0.6666666666666666,0.75,0.6666666666666667
0.4658274756601565,8,1,2,0,5,0.7142857142857143,1.0,0.6666666666666666,0.75,0.6666666666666667
0.47,8,2,1,0,5,0.8333333333333334,1.0,0.3333333333333333,0.875,0.8545454545454545
0.48,8,2,1,0,5,0.8333333333333334,1.0,0.3333333333333333,0.875,0.8545454545454545
0.49,8,2,1,0,5,0.8333333333333334,1.0,0.3333333333333333,0.875,0.8545454545454545
0.5,8,2,1,0,5,0.8333333333333334,1.0,0.3333333333333333,0.875,0.8545454545454545
0.51,8,2,1,0,5,0.8333333333333334,1.0,0.3333333333333333,0.875,0.8545454545454545
0.52,8,2,1,0,5,0.8333333333333334,1.0,0.3333333333333333,0.875,0.8545454545454545
0.53,8,2,1,0,5,0.8333333333333334,1.0,0.3333333333333333,0.875,0.8545454545454545
0.54,8,2,1,0,5,0.8333333333333334,1.0,0.3333333333333333,0.875,0.8545454545454545
0.55,8,2,1,0,5,0.8333333333333334,1.0,0.3333333333333333,0.875,0.8545454545454545
0.56,8,2,1,0,5,0.8333333333333334,1.0,0.3333333333333333,0.875,0.8545454545454545
0.57,8,2,1,0,5,0.8333333333333334,1.0,0.3333333333333333,0.875,0.8545454545454545
0.5782698031970015,8,2,1,0,5,0.8333333333333334,1.0,0.3333333333333333,0.875,0.8545454545454545
0.58,8,2,1,1,4,0.8,0.8,0.3333333333333333,0.75,0.7333333333333334
0.59,8,2,1,1,4,0.8,0.8,0.3333333333333333,0.75,0.7333333333333334
0.5964287561126523,8,2,1,1,4,0.8,0.8,0.3333333333333333,0.75,0.7333333333333334
0.6,8,3,0,1,4,1.0,0.8,0.0,0.875,0.873015873015873
0.61,8,3,0,1,4,1.0,0.8,0.0,0.875,0.873015873015873
0.62,8,3,0,1,4,1.0,0.8,0.0,0.875,0.873015873015873
0.63,8,3,0,1,4,1.0,0.8,0.0,0.875,0.873015873015873
0.64,8,3,0,1,4,1.0,0.8,0.0,0.875,0.873015873015873
0.65,8,3,0,1,4,1.0,0.8,0.0,0.875,0.873015873015873
0.66,8,3,0,1,4,1.0,0.8,0.0,0.875,0.873015873015873
0.67,8,3,0,1,4,1.0,0.8,0.0,0.875,0.873015873015873
0.68,8,3,0,1,4,1.0,0.8,0.0,0.875,0.873015873015873
0.69,8,3,0,1,4,1.0,0.8,0.0,0.875,0.873015873015873
0.7,8,3,0,1,4,1.0,0.8,0.0,0.875,0.873015873015873
0.71,8,3,0,1,4,1.0,0.8,0.0,0.875,0.873015873015873
0.72,8,3,0,1,4,1.0,0.8,0.0,0.875,0.873015873015873
0.73,8,3,0,1,4,1.0,0.8,0.0,0.875,0.873015873015873
0.74,8,3,0,1,4,1.0,0.8,0.0,0.875,0.873015873015873
0.75,8,3,0,1,4,1.0,0.8,0.0,0.875,0.873015873015873
0.76,8,3,0,1,4,1.0,0.8,0.0,0.875,0.873015873015873
0.77,8,3,0,1,4,1.0,0.8,0.0,0.875,0.873015873015873
0.78,8,3,0,1,4,1.0,0.8,0.0,0.875,0.873015873015873
0.79,8,3,0,1,4,1.0,0.8,0.0,0.875,0.873015873015873
0.8,8,3,0,1,4,1.0,0.8,0.0,0.875,0.873015873015873
0.81,8,3,0,1,4,1.0,0.8,0.0,0.875,0.873015873015873
0.82,8,3,0,1,4,1.0,0.8,0.0,0.875,0.873015873015873
0.83,8,3,0,1,4,1.0,0.8,0.0,0.875,0.873015873015873
0.84,8,3,0,1,4,1.0,0.8,0.0,0.875,0.873015873015873
0.85,8,3,0,1,4,1.0,0.8,0.0,0.875,0.873015873015873
0.86,8,3,0,1,4,1.0,0.8,0.0,0.875,0.873015873015873
0.87,8,3,0,1,4,1.0,0.8,0.0,0.875,0.873015873015873
0.88,8,3,0,1,4,1.0,0.8,0.0,0.875,0.873015873015873
0.8880357168513983,8,3,0,1,4,1.0,0.8,0.0,0.875,0.873015873015873
0.89,8,3,0,2,3,1.0,0.6,0.0,0.75,0.75
0.9,8,3,0,2,3,1.0,0.6,0.0,0.75,0.75
0.902378669808577,8,3,0,2,3,1.0,0.6,0.0,0.75,0.75
0.91,8,3,0,3,2,1.0,0.4,0.0,0.625,0.6190476190476191
0.92,8,3,0,3,2,1.0,0.4,0.0,0.625,0.6190476190476191
0.93,8,3,0,3,2,1.0,0.4,0.0,0.625,0.6190476190476191
0.94,8,3,0,3,2,1.0,0.4,0.0,0.625,0.6190476190476191
0.95,8,3,0,3,2,1.0,0.4,0.0,0.625,0.6190476190476191
0.96,8,3,0,3,2,1.0,0.4,0.0,0.625,0.6190476190476191
0.97,8,3,0,3,2,1.0,0.4,0.0,0.625,0.6190476190476191
0.9790021332710755,8,3,0,3,2,1.0,0.4,0.0,0.625,0.6190476190476191
0.98,8,3,0,4,1,1.0,0.2,0.0,0.5,0.4666666666666667
0.9866824793378841,8,3,0,4,1,1.0,0.2,0.0,0.5,0.4666666666666667
0.99,8,3,0,5,0,,0.0,0.0,0.375,0.2727272727272727
1.0,8,3,0,5,0,,0.0,0.0,0.375,0.2727272727272727
1.0000000000000002,8,3,0,5,0,,0.0,0.0,0.375,0.2727272727272727
