file_name,label_zero,prediction_zero,label_lora,prediction_lora,reviewer_label,error_category,review_notes
1804.jpg,1,0,1,1,,,
552.jpg,1,0,1,1,,,
991.jpg,0,1,0,0,,,
585.jpg,1,0,1,1,,,
52.jpg,1,1,1,0,,,
1696.jpg,1,0,1,1,,,
1389.jpg,1,1,1,0,,,
1557.jpg,0,1,0,0,,,
678.jpg,0,1,0,0,,,
1253.jpg,1,0,1,1,,,
1145.jpg,0,1,0,0,,,
1816.jpg,0,1,0,0,,,
787.jpg,1,1,1,0,,,
1731.jpg,1,1,1,0,,,
1063.jpg,1,1,1,0,,,
1685.jpg,1,0,1,1,,,
1337.jpg,1,0,1,1,,,
507.jpg,1,0,1,1,,,
1777.jpg,0,1,0,0,,,
510.jpg,1,1,1,0,,,
224.jpg,0,1,0,0,,,
494.jpg,1,1,1,0,,,
1713.jpg,1,0,1,1,,,
1124.jpg,0,0,0,1,,,
599.jpg,1,1,1,0,,,
1866.jpg,1,1,1,0,,,
